<?xml version="1.0" encoding="UTF-8"?>
<!DOCTYPE generatorConfiguration
        PUBLIC "-//mybatis.org//DTD MyBatis Generator Configuration 1.0//EN"
        "http://mybatis.org/dtd/mybatis-generator-config_1_0.dtd">
<generatorConfiguration>
	<!-- 数据库驱动:选择你的本地硬盘上面的数据库驱动包 -->
	<classPathEntry
		location="F:\graduate\mysql-connector-java-8.0.15.jar" />
	<context id="DB2Tables" targetRuntime="MyBatis3">
		<commentGenerator>
			<property name="suppressDate" value="true" />
			<!-- 是否去除自动生成的注释 true：是 ： false:否 -->
			<property name="suppressAllComments" value="true" />
		</commentGenerator>
		<!--数据库链接URL，用户名、密码 -->
		<jdbcConnection driverClass="com.mysql.jdbc.Driver"
			connectionURL="jdbc:mysql://localhost:3306/interior_design?serverTimezone=UTC&amp;useUnicode=true&amp;characterEncoding=utf8&amp;useSSL=false"
			userId="root" password="960214">
		</jdbcConnection>
		<javaTypeResolver>
			<property name="forceBigDecimals" value="false" />
		</javaTypeResolver>
		<!-- 生成模型的包名和位置 -->
		<javaModelGenerator
				targetPackage="com.design.admin.bean" targetProject="src/main/java"><!--src/main/java-->
			<property name="enableSubPackages" value="true" />
			<property name="trimStrings" value="true" />
		</javaModelGenerator>
		<!-- 生成映射文件的包名和位置 -->
		<sqlMapGenerator targetPackage="com.design.admin.dao"
			targetProject="src/main/java">
			<property name="enableSubPackages" value="true" />
		</sqlMapGenerator>
		<!-- 生成DAO的包名和位置 -->
		<javaClientGenerator type="XMLMAPPER"
							 targetPackage="com.design.admin.dao" targetProject="src/main/java">
			<property name="enableSubPackages" value="true" />
		</javaClientGenerator>



		<!-- 要生成的表 tableName是数据库中的表名或视图名 domainObjectName是实体类名 -->
		<table tableName="t_user" domainObjectName="Userss"
			enableCountByExample="false" enableUpdateByExample="false"
			enableDeleteByExample="false" enableSelectByExample="false"
			selectByExampleQueryId="false"></table>
	</context>
</generatorConfiguration>