<?xml version="1.0" encoding="UTF-8"?>
<beans xmlns="http://www.springframework.org/schema/beans"
       xmlns:context="http://www.springframework.org/schema/context"
       xmlns:aop="http://www.springframework.org/schema/aop"
       xmlns:mvc="http://www.springframework.org/schema/mvc"
       xmlns:xsi="http://www.w3.org/2001/XMLSchema-instance"
       xmlns:task="http://www.springframework.org/schema/task"
       xsi:schemaLocation="
       http://www.springframework.org/schema/beans http://www.springframework.org/schema/beans/spring-beans.xsd
       http://www.springframework.org/schema/context http://www.springframework.org/schema/context/spring-context.xsd
       http://www.springframework.org/schema/aop http://www.springframework.org/schema/aop/spring-aop.xsd
       http://www.springframework.org/schema/mvc http://www.springframework.org/schema/mvc/spring-mvc.xsd
       http://www.springframework.org/schema/task http://www.springframework.org/schema/task/spring-task-3.1.xsd">
      
      <task:executor id="executor" pool-size="3"/>
      <task:scheduler id="scheduler" pool-size="3"/>
      <task:annotation-driven executor="executor" scheduler="scheduler"/>
      
      <mvc:annotation-driven/>
      
      <context:annotation-config/>
      
      <mvc:resources location="/resources/" mapping="/resources/**"/>
      <mvc:resources location="/upload/" mapping="/upload/**"/>
      
      <context:component-scan base-package="com.design.admin.web"/>
      
      <bean class="org.springframework.web.servlet.view.InternalResourceViewResolver">
      		<property name="viewClass" value="org.springframework.web.servlet.view.JstlView"/>
      		<property name="prefix" value="/WEB-INF/jsp/"/>
      		<property name="suffix" value=".jsp"/>
      </bean>
      
      <bean  class="org.springframework.web.servlet.mvc.annotation.AnnotationMethodHandlerAdapter">
      		
      </bean>
      <!-- 定义文件上传解析器 -->
      <bean id="multipartResolver" class="org.springframework.web.multipart.commons.CommonsMultipartResolver">
            <!-- 设定默认编码 -->
            <property name="defaultEncoding" value="UTF-8" />
            <!-- 设定文件上传的最大值2MB，2*1024*1024 -->
            <property name="maxUploadSize" value="2097152" />
      </bean>
      
      <mvc:resources location="classpath:/META-INF/resources/" mapping="swagger-ui.html"/>
      
      <mvc:resources location="classpath:/META-INF/resources/webjars/" mapping="/webjars/**"/>
      
	
</beans>