<?xml version="1.0" encoding="UTF-8"?>
<!DOCTYPE mapper PUBLIC "-//mybatis.org//DTD Mapper 3.0//EN" "http://mybatis.org/dtd/mybatis-3-mapper.dtd">
<mapper namespace="com.design.admin.dao.DiaryMapper">
  <resultMap id="BaseResultMap" type="com.design.admin.bean.Diary">
    <id column="diary_id" jdbcType="INTEGER" property="diaryId" />
    <result column="title" jdbcType="VARCHAR" property="title" />
    <result column="introduction" jdbcType="VARCHAR" property="introduction" />
    <result column="publish_date" jdbcType="TIMESTAMP" property="publishDate" />
    <result column="browse_num" jdbcType="INTEGER" property="browseNum" />
    <result column="img" jdbcType="VARCHAR" property="img" />
    <result column="username" jdbcType="VARCHAR" property="username" />
  </resultMap>
  <resultMap extends="BaseResultMap" id="ResultMapWithBLOBs" type="com.design.admin.bean.Diary">
    <result column="content" jdbcType="LONGVARCHAR" property="content" />
  </resultMap>
  <sql id="Base_Column_List">
    diary_id, title, introduction, publish_date, browse_num, img, username
  </sql>
  <sql id="Blob_Column_List">
    content
  </sql>
  <select id="selectByPrimaryKey" parameterType="java.lang.Integer" resultMap="ResultMapWithBLOBs">
    select 
    <include refid="Base_Column_List" />
    ,
    <include refid="Blob_Column_List" />
    from diary_d
    where diary_id = #{diaryId,jdbcType=INTEGER}
  </select>
  <select id="selectDiaryByUserName" parameterType="java.lang.String" resultMap="ResultMapWithBLOBs">
    select
    <include refid="Base_Column_List" />
    ,
    <include refid="Blob_Column_List" />
    from diary_d
    where username = #{username,jdbcType=VARCHAR}
  </select>
  <select id="selectAllDiary" resultMap="ResultMapWithBLOBs">
    select
    <include refid="Base_Column_List" />
    ,
    <include refid="Blob_Column_List" />
    from diary_d
  </select>
  <delete id="deleteByPrimaryKey" parameterType="java.lang.Integer">
    delete from diary_d
    where diary_id = #{diaryId,jdbcType=INTEGER}
  </delete>
  <insert id="insert" parameterType="com.design.admin.bean.Diary">
    insert into diary_d (diary_id, title, introduction, 
      publish_date, browse_num, img, 
      username, content)
    values (#{diaryId,jdbcType=INTEGER}, #{title,jdbcType=VARCHAR}, #{introduction,jdbcType=VARCHAR}, 
      #{publishDate,jdbcType=TIMESTAMP}, #{browseNum,jdbcType=INTEGER}, #{img,jdbcType=VARCHAR}, 
      #{username,jdbcType=VARCHAR}, #{content,jdbcType=LONGVARCHAR})
  </insert>
  <insert id="insertSelective" parameterType="com.design.admin.bean.Diary">
    insert into diary_d
    <trim prefix="(" suffix=")" suffixOverrides=",">
      <if test="diaryId != null">
        diary_id,
      </if>
      <if test="title != null">
        title,
      </if>
      <if test="introduction != null">
        introduction,
      </if>
      <if test="publishDate != null">
        publish_date,
      </if>
      <if test="browseNum != null">
        browse_num,
      </if>
      <if test="img != null">
        img,
      </if>
      <if test="username != null">
        username,
      </if>
      <if test="content != null">
        content,
      </if>
    </trim>
    <trim prefix="values (" suffix=")" suffixOverrides=",">
      <if test="diaryId != null">
        #{diaryId,jdbcType=INTEGER},
      </if>
      <if test="title != null">
        #{title,jdbcType=VARCHAR},
      </if>
      <if test="introduction != null">
        #{introduction,jdbcType=VARCHAR},
      </if>
      <if test="publishDate != null">
        #{publishDate,jdbcType=TIMESTAMP},
      </if>
      <if test="browseNum != null">
        #{browseNum,jdbcType=INTEGER},
      </if>
      <if test="img != null">
        #{img,jdbcType=VARCHAR},
      </if>
      <if test="username != null">
        #{username,jdbcType=VARCHAR},
      </if>
      <if test="content != null">
        #{content,jdbcType=LONGVARCHAR},
      </if>
    </trim>
  </insert>
  <update id="updateByPrimaryKeySelective" parameterType="com.design.admin.bean.Diary">
    update diary_d
    <set>
      <if test="title != null">
        title = #{title,jdbcType=VARCHAR},
      </if>
      <if test="introduction != null">
        introduction = #{introduction,jdbcType=VARCHAR},
      </if>
      <if test="publishDate != null">
        publish_date = #{publishDate,jdbcType=TIMESTAMP},
      </if>
      <if test="browseNum != null">
        browse_num = #{browseNum,jdbcType=INTEGER},
      </if>
      <if test="img != null">
        img = #{img,jdbcType=VARCHAR},
      </if>
      <if test="username != null">
        username = #{username,jdbcType=VARCHAR},
      </if>
      <if test="content != null">
        content = #{content,jdbcType=LONGVARCHAR},
      </if>
    </set>
    where diary_id = #{diaryId,jdbcType=INTEGER}
  </update>
  <update id="updateByPrimaryKeyWithBLOBs" parameterType="com.design.admin.bean.Diary">
    update diary_d
    set title = #{title,jdbcType=VARCHAR},
      introduction = #{introduction,jdbcType=VARCHAR},
      publish_date = #{publishDate,jdbcType=TIMESTAMP},
      browse_num = #{browseNum,jdbcType=INTEGER},
      img = #{img,jdbcType=VARCHAR},
      username = #{username,jdbcType=VARCHAR},
      content = #{content,jdbcType=LONGVARCHAR}
    where diary_id = #{diaryId,jdbcType=INTEGER}
  </update>
  <update id="updateBrowseNumByPrimaryKey" parameterType="com.design.admin.bean.Diary">
    update diary_d
    set
      browse_num = #{browseNum,jdbcType=INTEGER}
    where diary_id = #{diaryId,jdbcType=INTEGER}
  </update>
  <update id="updateByPrimaryKey" parameterType="com.design.admin.bean.Diary">
    update diary_d
    set title = #{title,jdbcType=VARCHAR},
      introduction = #{introduction,jdbcType=VARCHAR},
      publish_date = #{publishDate,jdbcType=TIMESTAMP},
      browse_num = #{browseNum,jdbcType=INTEGER},
      img = #{img,jdbcType=VARCHAR},
      username = #{username,jdbcType=VARCHAR},
      content = #{content,jdbcType=LONGVARCHAR}
    where diary_id = #{diaryId,jdbcType=INTEGER}
  </update>
</mapper>