<?xml version="1.0" encoding="UTF-8"?>
<!DOCTYPE mapper PUBLIC "-//mybatis.org//DTD Mapper 3.0//EN" "http://mybatis.org/dtd/mybatis-3-mapper.dtd">
<mapper namespace="com.design.admin.dao.ExchangeMapper">
  <resultMap id="BaseResultMap" type="com.design.admin.bean.Exchange">
    <id column="id" jdbcType="INTEGER" property="id" />
    <result column="restoreid" jdbcType="INTEGER" property="restoreid" />
    <result column="username" jdbcType="VARCHAR" property="username" />
    <result column="publish_date" jdbcType="TIMESTAMP" property="publishDate" />
    <result column="message" jdbcType="VARCHAR" property="message" />
    <result column="email" jdbcType="VARCHAR" property="email" />
    <result column="images" jdbcType="VARCHAR" property="images" />
    <result column="replyid" jdbcType="INTEGER" property="replyid" />
  </resultMap>
  <sql id="Base_Column_List">
    id, restoreid, username, publish_date, message, email, images, replyid
  </sql>
  <select id="selectByPrimaryKey" parameterType="java.lang.Integer" resultMap="BaseResultMap">
    select 
    <include refid="Base_Column_List" />
    from exchange
    where id = #{id,jdbcType=INTEGER}
  </select>
  <select id="selectExchangeByRestoreId" parameterType="java.lang.Integer" resultMap="BaseResultMap">
    select
    <include refid="Base_Column_List" />
    from exchange
    where restoreid = #{restoreid,jdbcType=INTEGER}
  </select>
  <select id="selectAllExcahnge"  resultMap="BaseResultMap">
    select
    <include refid="Base_Column_List" />
    from exchange
  </select>
  <delete id="deleteByPrimaryKey" parameterType="java.lang.Integer">
    delete from exchange
    where id = #{id,jdbcType=INTEGER}
  </delete>
  <insert id="insert" parameterType="com.design.admin.bean.Exchange">
    insert into exchange (id, restoreid, username, 
      publish_date, message, email, images, replyid
      )
    values (#{id,jdbcType=INTEGER}, #{restoreid,jdbcType=INTEGER}, #{username,jdbcType=VARCHAR}, 
      #{publishDate,jdbcType=TIMESTAMP}, #{message,jdbcType=VARCHAR}, #{email,jdbcType=VARCHAR},
      #{images,jdbcType=VARCHAR}, #{replyid,jdbcType=INTEGER}
      )
  </insert>
  <insert id="insertSelective" parameterType="com.design.admin.bean.Exchange">
    insert into exchange
    <trim prefix="(" suffix=")" suffixOverrides=",">
      <if test="id != null">
        id,
      </if>
      <if test="restoreid != null">
        restoreid,
      </if>
      <if test="username != null">
        username,
      </if>
      <if test="publishDate != null">
        publish_date,
      </if>
      <if test="message != null">
        message,
      </if>
      <if test="email != null">
        email,
      </if>
      <if test="images != null">
        images,
      </if>
      <if test="replyid != null">
        replyid,
      </if>
    </trim>
    <trim prefix="values (" suffix=")" suffixOverrides=",">
      <if test="id != null">
        #{id,jdbcType=INTEGER},
      </if>
      <if test="restoreid != null">
        #{restoreid,jdbcType=INTEGER},
      </if>
      <if test="username != null">
        #{username,jdbcType=VARCHAR},
      </if>
      <if test="publishDate != null">
        #{publishDate,jdbcType=TIMESTAMP},
      </if>
      <if test="message != null">
        #{message,jdbcType=VARCHAR},
      </if>
      <if test="email != null">
        #{email,jdbcType=VARCHAR},
      </if>
      <if test="images != null">
        #{images,jdbcType=VARCHAR},
      </if>
      <if test="replyid != null">
        #{images,jdbcType=INTEGER},
      </if>
    </trim>
  </insert>
  <update id="updateByPrimaryKeySelective" parameterType="com.design.admin.bean.Exchange">
    update exchange
    <set>
      <if test="restoreid != null">
        restoreid = #{restoreid,jdbcType=INTEGER},
      </if>
      <if test="username != null">
        username = #{username,jdbcType=VARCHAR},
      </if>
      <if test="publishDate != null">
        publish_date = #{publishDate,jdbcType=TIMESTAMP},
      </if>
      <if test="message != null">
        message = #{message,jdbcType=VARCHAR},
      </if>
      <if test="email != null">
        email = #{email,jdbcType=VARCHAR},
      </if>
      <if test="images != null">
        email = #{images,jdbcType=VARCHAR},
      </if>
      <if test="replyid != null">
        #{images,jdbcType=INTEGER},
      </if>
    </set>
    where id = #{id,jdbcType=INTEGER}
  </update>
  <update id="updateByPrimaryKey" parameterType="com.design.admin.bean.Exchange">
    update exchange
    set restoreid = #{restoreid,jdbcType=INTEGER},
      username = #{username,jdbcType=VARCHAR},
      publish_date = #{publishDate,jdbcType=TIMESTAMP},
      message = #{message,jdbcType=VARCHAR},
      email = #{email,jdbcType=VARCHAR},
      images = #{images,jdbcType=VARCHAR},
      replyid = #{replyid,jdbcType=INTEGER},
    where id = #{id,jdbcType=INTEGER}
  </update>
</mapper>