<?xml version="1.0" encoding="UTF-8"?>
<!DOCTYPE mapper PUBLIC "-//mybatis.org//DTD Mapper 3.0//EN" "http://mybatis.org/dtd/mybatis-3-mapper.dtd">
<mapper namespace="com.design.admin.dao.OrderMapper">
  <resultMap id="BaseResultMap" type="com.design.admin.bean.Order">
    <id column="order_id" jdbcType="INTEGER" property="orderId" />
    <result column="user_name" jdbcType="VARCHAR" property="userName" />
    <result column="designer_name" jdbcType="VARCHAR" property="designerName" />
    <result column="order_date" jdbcType="TIMESTAMP" property="orderDate" />
    <result column="order_content" jdbcType="VARCHAR" property="orderContent" />
    <result column="state" jdbcType="INTEGER" property="state" />
  </resultMap>
  <sql id="Base_Column_List">
    order_id, user_name, designer_name, order_date, order_content, state
  </sql>
  <select id="selectOrderByUserName" parameterType="string" resultMap="BaseResultMap">
    select
    <include refid="Base_Column_List" />
    from order_d
    where user_name = #{_parameter}
  </select>
  <select id="selectOrderByDesignerName" parameterType="string" resultMap="BaseResultMap">
    select
    <include refid="Base_Column_List" />
    from order_d
    where designer_name = #{_parameter}
  </select>
  <select id="selectAllOrder"  resultMap="BaseResultMap">
    select
    <include refid="Base_Column_List" />
    from order_d
  </select>
  <select id="selectByPrimaryKey" parameterType="java.lang.Integer" resultMap="BaseResultMap">
    select 
    <include refid="Base_Column_List" />
    from order_d
    where order_id = #{orderId,jdbcType=INTEGER}
  </select>
  <delete id="deleteByPrimaryKey" parameterType="java.lang.Integer">
    delete from order_d
    where order_id = #{orderId,jdbcType=INTEGER}
  </delete>
  <insert id="insert" parameterType="com.design.admin.bean.Order">
    insert into order_d (order_id, user_name, designer_name, 
      order_date, order_content, state
      )
    values (#{orderId,jdbcType=INTEGER}, #{userName,jdbcType=VARCHAR}, #{designerName,jdbcType=VARCHAR}, 
      #{orderDate,jdbcType=TIMESTAMP}, #{orderContent,jdbcType=VARCHAR}, #{state,jdbcType=INTEGER}
      )
  </insert>
  <insert id="insertSelective" parameterType="com.design.admin.bean.Order">
    insert into order_d
    <trim prefix="(" suffix=")" suffixOverrides=",">
      <if test="orderId != null">
        order_id,
      </if>
      <if test="userName != null">
        user_name,
      </if>
      <if test="designerName != null">
        designer_name,
      </if>
      <if test="orderDate != null">
        order_date,
      </if>
      <if test="orderContent != null">
        order_content,
      </if>
      <if test="state != null">
        state,
      </if>
    </trim>
    <trim prefix="values (" suffix=")" suffixOverrides=",">
      <if test="orderId != null">
        #{orderId,jdbcType=INTEGER},
      </if>
      <if test="userName != null">
        #{userName,jdbcType=VARCHAR},
      </if>
      <if test="designerName != null">
        #{designerName,jdbcType=VARCHAR},
      </if>
      <if test="orderDate != null">
        #{orderDate,jdbcType=TIMESTAMP},
      </if>
      <if test="orderContent != null">
        #{orderContent,jdbcType=VARCHAR},
      </if>
      <if test="state != null">
        #{state,jdbcType=INTEGER},
      </if>
    </trim>
  </insert>
  <update id="updateByPrimaryKeySelective" parameterType="com.design.admin.bean.Order">
    update order_d
    <set>
      <if test="userName != null">
        user_name = #{userName,jdbcType=VARCHAR},
      </if>
      <if test="designerName != null">
        designer_name = #{designerName,jdbcType=VARCHAR},
      </if>
      <if test="orderDate != null">
        order_date = #{orderDate,jdbcType=TIMESTAMP},
      </if>
      <if test="orderContent != null">
        order_content = #{orderContent,jdbcType=VARCHAR},
      </if>
      <if test="state != null">
        state = #{state,jdbcType=INTEGER},
      </if>
    </set>
    where order_id = #{orderId,jdbcType=INTEGER}
  </update>
  <update id="updateByPrimaryKey" parameterType="com.design.admin.bean.Order">
    update order_d
    set user_name = #{userName,jdbcType=VARCHAR},
      designer_name = #{designerName,jdbcType=VARCHAR},
      order_date = #{orderDate,jdbcType=TIMESTAMP},
      order_content = #{orderContent,jdbcType=VARCHAR},
      state = #{state,jdbcType=INTEGER}
    where order_id = #{orderId,jdbcType=INTEGER}
  </update>
  <update id="updateStatusById" parameterType="com.design.admin.bean.Order">
    update order_d
    set
      state = #{state,jdbcType=INTEGER}
    where order_id = #{orderId,jdbcType=INTEGER}
  </update>
</mapper>