<?xml version="1.0" encoding="UTF-8"?>
<!DOCTYPE mapper PUBLIC "-//mybatis.org//DTD Mapper 3.0//EN" "http://mybatis.org/dtd/mybatis-3-mapper.dtd">
<mapper namespace="com.design.admin.dao.ProductMapper">
  <resultMap id="BaseResultMap" type="com.design.admin.bean.Product">
    <id column="product_id" jdbcType="INTEGER" property="productId" />
    <result column="designer_name" jdbcType="VARCHAR" property="designerName" />
    <result column="site_id" jdbcType="INTEGER" property="siteId" />
    <result column="style_id" jdbcType="INTEGER" property="styleId" />
    <result column="product_name" jdbcType="VARCHAR" property="productName" />
    <result column="image" jdbcType="VARCHAR" property="image" />
    <result column="state" jdbcType="INTEGER" property="state" />
  </resultMap>
  <sql id="Base_Column_List">
    product_id, designer_name, site_id, style_id, product_name, image, state
  </sql>
  <select id="selectByPrimaryKey" parameterType="java.lang.Integer" resultMap="BaseResultMap">
    select 
    <include refid="Base_Column_List" />
    from product_d
    where product_id = #{productId,jdbcType=INTEGER}
  </select>
  <select id="selectAllProduct" resultMap="BaseResultMap">
    select
    <include refid="Base_Column_List" />
    from product_d
  </select>
  <select id="selectProductByStyle" parameterType="java.lang.Integer" resultMap="BaseResultMap">
    select
    <include refid="Base_Column_List" />
    from product_d
    where style_id = #{styleId,jdbcType=INTEGER}
  </select>
  <select id="selectProductByDesigner" parameterType="java.lang.String" resultMap="BaseResultMap">
    select
    <include refid="Base_Column_List" />
    from product_d
    where designer_name = #{designerName,jdbcType=VARCHAR}
  </select>
  <delete id="deleteByPrimaryKey" parameterType="java.lang.Integer">
    delete from product_d
    where product_id = #{productId,jdbcType=INTEGER}
  </delete>
  <insert id="insert" parameterType="com.design.admin.bean.Product">
    insert into product_d (product_id, designer_name, site_id, 
      style_id, product_name, image, 
      state)
    values (#{productId,jdbcType=INTEGER}, #{designerName,jdbcType=VARCHAR}, #{siteId,jdbcType=INTEGER}, 
      #{styleId,jdbcType=INTEGER}, #{productName,jdbcType=VARCHAR}, #{image,jdbcType=VARCHAR}, 
      #{state,jdbcType=INTEGER})
  </insert>
  <insert id="insertSelective" parameterType="com.design.admin.bean.Product">
    insert into product_d
    <trim prefix="(" suffix=")" suffixOverrides=",">
      <if test="productId != null">
        product_id,
      </if>
      <if test="designerName != null">
        designer_name,
      </if>
      <if test="siteId != null">
        site_id,
      </if>
      <if test="styleId != null">
        style_id,
      </if>
      <if test="productName != null">
        product_name,
      </if>
      <if test="image != null">
        image,
      </if>
      <if test="state != null">
        state,
      </if>
    </trim>
    <trim prefix="values (" suffix=")" suffixOverrides=",">
      <if test="productId != null">
        #{productId,jdbcType=INTEGER},
      </if>
      <if test="designerName != null">
        #{designerName,jdbcType=VARCHAR},
      </if>
      <if test="siteId != null">
        #{siteId,jdbcType=INTEGER},
      </if>
      <if test="styleId != null">
        #{styleId,jdbcType=INTEGER},
      </if>
      <if test="productName != null">
        #{productName,jdbcType=VARCHAR},
      </if>
      <if test="image != null">
        #{image,jdbcType=VARCHAR},
      </if>
      <if test="state != null">
        #{state,jdbcType=INTEGER},
      </if>
    </trim>
  </insert>
  <update id="updateByPrimaryKeySelective" parameterType="com.design.admin.bean.Product">
    update product_d
    <set>
      <if test="designerName != null">
        designer_name = #{designerName,jdbcType=VARCHAR},
      </if>
      <if test="siteId != null">
        site_id = #{siteId,jdbcType=INTEGER},
      </if>
      <if test="styleId != null">
        style_id = #{styleId,jdbcType=INTEGER},
      </if>
      <if test="productName != null">
        product_name = #{productName,jdbcType=VARCHAR},
      </if>
      <if test="image != null">
        image = #{image,jdbcType=VARCHAR},
      </if>
      <if test="state != null">
        state = #{state,jdbcType=INTEGER},
      </if>
    </set>
    where product_id = #{productId,jdbcType=INTEGER}
  </update>
  <update id="updateByPrimaryKey" parameterType="com.design.admin.bean.Product">
    update product_d
    set designer_name = #{designerName,jdbcType=VARCHAR},
      site_id = #{siteId,jdbcType=INTEGER},
      style_id = #{styleId,jdbcType=INTEGER},
      product_name = #{productName,jdbcType=VARCHAR},
      image = #{image,jdbcType=VARCHAR},
      state = #{state,jdbcType=INTEGER}
    where product_id = #{productId,jdbcType=INTEGER}
  </update>
  <update id="updateStatusById" parameterType="com.design.admin.bean.Product">
    update product_d
    set
      state = #{state,jdbcType=INTEGER}
    where product_id = #{productId,jdbcType=INTEGER}
  </update>
</mapper>