<?xml version="1.0" encoding="UTF-8"?>
<!DOCTYPE mapper PUBLIC "-//mybatis.org//DTD Mapper 3.0//EN" "http://mybatis.org/dtd/mybatis-3-mapper.dtd">
<mapper namespace="com.design.admin.dao.StyleMapper">
  <resultMap id="BaseResultMap" type="com.design.admin.bean.Style">
    <id column="style_id" jdbcType="INTEGER" property="styleId" />
    <result column="style_name" jdbcType="VARCHAR" property="styleName" />
    <result column="remark" jdbcType="VARCHAR" property="remark" />
  </resultMap>
  <sql id="Base_Column_List">
    style_id, style_name, remark
  </sql>
  <select id="selectByPrimaryKey" parameterType="java.lang.Integer" resultMap="BaseResultMap">
    select 
    <include refid="Base_Column_List" />
    from style_d
    where style_id = #{styleId,jdbcType=INTEGER}
  </select>
  <select id="selectAllStyle" resultMap="BaseResultMap">
    select
    <include refid="Base_Column_List" />
    from style_d
  </select>
  <delete id="deleteByPrimaryKey" parameterType="java.lang.Integer">
    delete from style_d
    where style_id = #{styleId,jdbcType=INTEGER}
  </delete>
  <insert id="insert" parameterType="com.design.admin.bean.Style">
    insert into style_d (style_id, style_name, remark
      )
    values (#{styleId,jdbcType=INTEGER}, #{styleName,jdbcType=VARCHAR}, #{remark,jdbcType=VARCHAR}
      )
  </insert>
  <insert id="insertSelective" parameterType="com.design.admin.bean.Style">
    insert into style_d
    <trim prefix="(" suffix=")" suffixOverrides=",">
      <if test="styleId != null">
        style_id,
      </if>
      <if test="styleName != null">
        style_name,
      </if>
      <if test="remark != null">
        remark,
      </if>
    </trim>
    <trim prefix="values (" suffix=")" suffixOverrides=",">
      <if test="styleId != null">
        #{styleId,jdbcType=INTEGER},
      </if>
      <if test="styleName != null">
        #{styleName,jdbcType=VARCHAR},
      </if>
      <if test="remark != null">
        #{remark,jdbcType=VARCHAR},
      </if>
    </trim>
  </insert>
  <update id="updateByPrimaryKeySelective" parameterType="com.design.admin.bean.Style">
    update style_d
    <set>
      <if test="styleName != null">
        style_name = #{styleName,jdbcType=VARCHAR},
      </if>
      <if test="remark != null">
        remark = #{remark,jdbcType=VARCHAR},
      </if>
    </set>
    where style_id = #{styleId,jdbcType=INTEGER}
  </update>
  <update id="updateByPrimaryKey" parameterType="com.design.admin.bean.Style">
    update style_d
    set style_name = #{styleName,jdbcType=VARCHAR},
      remark = #{remark,jdbcType=VARCHAR}
    where style_id = #{styleId,jdbcType=INTEGER}
  </update>
</mapper>