<?xml version="1.0" encoding="UTF-8"?>
<!DOCTYPE mapper PUBLIC "-//mybatis.org//DTD Mapper 3.0//EN" "http://mybatis.org/dtd/mybatis-3-mapper.dtd">
<mapper namespace="com.design.admin.UserMapper">
  <resultMap id="BaseResultMap" type="com.design.admin.User">
    <id column="id" jdbcType="INTEGER" property="id" />
    <result column="dept_id" jdbcType="INTEGER" property="deptId" />
    <result column="staffname" jdbcType="VARCHAR" property="staffname" />
    <result column="username" jdbcType="VARCHAR" property="username" />
    <result column="password" jdbcType="VARCHAR" property="password" />
    <result column="status" jdbcType="INTEGER" property="status" />
  </resultMap>
  <sql id="Base_Column_List">
    id, dept_id, staffname, username, password, status
  </sql>
  <select id="selectByPrimaryKey" parameterType="java.lang.Integer" resultMap="BaseResultMap">
    select 
    <include refid="Base_Column_List" />
    from t_user
    where id = #{id,jdbcType=INTEGER}
  </select>
  <delete id="deleteByPrimaryKey" parameterType="java.lang.Integer">
    delete from t_user
    where id = #{id,jdbcType=INTEGER}
  </delete>
  <insert id="insert" parameterType="com.design.admin.User">
    insert into t_user (id, dept_id, staffname, 
      username, password, status
      )
    values (#{id,jdbcType=INTEGER}, #{deptId,jdbcType=INTEGER}, #{staffname,jdbcType=VARCHAR}, 
      #{username,jdbcType=VARCHAR}, #{password,jdbcType=VARCHAR}, #{status,jdbcType=INTEGER}
      )
  </insert>
  <insert id="insertSelective" parameterType="com.design.admin.User">
    insert into t_user
    <trim prefix="(" suffix=")" suffixOverrides=",">
      <if test="id != null">
        id,
      </if>
      <if test="deptId != null">
        dept_id,
      </if>
      <if test="staffname != null">
        staffname,
      </if>
      <if test="username != null">
        username,
      </if>
      <if test="password != null">
        password,
      </if>
      <if test="status != null">
        status,
      </if>
    </trim>
    <trim prefix="values (" suffix=")" suffixOverrides=",">
      <if test="id != null">
        #{id,jdbcType=INTEGER},
      </if>
      <if test="deptId != null">
        #{deptId,jdbcType=INTEGER},
      </if>
      <if test="staffname != null">
        #{staffname,jdbcType=VARCHAR},
      </if>
      <if test="username != null">
        #{username,jdbcType=VARCHAR},
      </if>
      <if test="password != null">
        #{password,jdbcType=VARCHAR},
      </if>
      <if test="status != null">
        #{status,jdbcType=INTEGER},
      </if>
    </trim>
  </insert>
  <update id="updateByPrimaryKeySelective" parameterType="com.design.admin.User">
    update t_user
    <set>
      <if test="deptId != null">
        dept_id = #{deptId,jdbcType=INTEGER},
      </if>
      <if test="staffname != null">
        staffname = #{staffname,jdbcType=VARCHAR},
      </if>
      <if test="username != null">
        username = #{username,jdbcType=VARCHAR},
      </if>
      <if test="password != null">
        password = #{password,jdbcType=VARCHAR},
      </if>
      <if test="status != null">
        status = #{status,jdbcType=INTEGER},
      </if>
    </set>
    where id = #{id,jdbcType=INTEGER}
  </update>
  <update id="updateByPrimaryKey" parameterType="com.design.admin.User">
    update t_user
    set dept_id = #{deptId,jdbcType=INTEGER},
      staffname = #{staffname,jdbcType=VARCHAR},
      username = #{username,jdbcType=VARCHAR},
      password = #{password,jdbcType=VARCHAR},
      status = #{status,jdbcType=INTEGER}
    where id = #{id,jdbcType=INTEGER}
  </update>
  <resultMap id="BaseResultMap" type="com.design.admin.User">
    <id column="id" jdbcType="INTEGER" property="id" />
    <result column="dept_id" jdbcType="INTEGER" property="deptId" />
    <result column="staffname" jdbcType="VARCHAR" property="staffname" />
    <result column="username" jdbcType="VARCHAR" property="username" />
    <result column="password" jdbcType="VARCHAR" property="password" />
    <result column="status" jdbcType="INTEGER" property="status" />
    <result column="telephone" jdbcType="VARCHAR" property="telephone" />
    <result column="email" jdbcType="VARCHAR" property="email" />
    <result column="register_date" jdbcType="TIMESTAMP" property="registerDate" />
    <result column="genter" jdbcType="VARCHAR" property="genter" />
    <result column="real_name" jdbcType="VARCHAR" property="realName" />
    <result column="images" jdbcType="VARCHAR" property="images" />
    <result column="remark" jdbcType="VARCHAR" property="remark" />
  </resultMap>
  <sql id="Base_Column_List">
    id, dept_id, staffname, username, password, status, telephone, email, register_date, 
    genter, real_name, images, remark
  </sql>
  <select id="selectByPrimaryKey" parameterType="java.lang.Integer" resultMap="BaseResultMap">
    select 
    <include refid="Base_Column_List" />
    from t_user
    where id = #{id,jdbcType=INTEGER}
  </select>
  <delete id="deleteByPrimaryKey" parameterType="java.lang.Integer">
    delete from t_user
    where id = #{id,jdbcType=INTEGER}
  </delete>
  <insert id="insert" parameterType="com.design.admin.User">
    insert into t_user (id, dept_id, staffname, 
      username, password, status, 
      telephone, email, register_date, 
      genter, real_name, images, 
      remark)
    values (#{id,jdbcType=INTEGER}, #{deptId,jdbcType=INTEGER}, #{staffname,jdbcType=VARCHAR}, 
      #{username,jdbcType=VARCHAR}, #{password,jdbcType=VARCHAR}, #{status,jdbcType=INTEGER}, 
      #{telephone,jdbcType=VARCHAR}, #{email,jdbcType=VARCHAR}, #{registerDate,jdbcType=TIMESTAMP}, 
      #{genter,jdbcType=VARCHAR}, #{realName,jdbcType=VARCHAR}, #{images,jdbcType=VARCHAR}, 
      #{remark,jdbcType=VARCHAR})
  </insert>
  <insert id="insertSelective" parameterType="com.design.admin.User">
    insert into t_user
    <trim prefix="(" suffix=")" suffixOverrides=",">
      <if test="id != null">
        id,
      </if>
      <if test="deptId != null">
        dept_id,
      </if>
      <if test="staffname != null">
        staffname,
      </if>
      <if test="username != null">
        username,
      </if>
      <if test="password != null">
        password,
      </if>
      <if test="status != null">
        status,
      </if>
      <if test="telephone != null">
        telephone,
      </if>
      <if test="email != null">
        email,
      </if>
      <if test="registerDate != null">
        register_date,
      </if>
      <if test="genter != null">
        genter,
      </if>
      <if test="realName != null">
        real_name,
      </if>
      <if test="images != null">
        images,
      </if>
      <if test="remark != null">
        remark,
      </if>
    </trim>
    <trim prefix="values (" suffix=")" suffixOverrides=",">
      <if test="id != null">
        #{id,jdbcType=INTEGER},
      </if>
      <if test="deptId != null">
        #{deptId,jdbcType=INTEGER},
      </if>
      <if test="staffname != null">
        #{staffname,jdbcType=VARCHAR},
      </if>
      <if test="username != null">
        #{username,jdbcType=VARCHAR},
      </if>
      <if test="password != null">
        #{password,jdbcType=VARCHAR},
      </if>
      <if test="status != null">
        #{status,jdbcType=INTEGER},
      </if>
      <if test="telephone != null">
        #{telephone,jdbcType=VARCHAR},
      </if>
      <if test="email != null">
        #{email,jdbcType=VARCHAR},
      </if>
      <if test="registerDate != null">
        #{registerDate,jdbcType=TIMESTAMP},
      </if>
      <if test="genter != null">
        #{genter,jdbcType=VARCHAR},
      </if>
      <if test="realName != null">
        #{realName,jdbcType=VARCHAR},
      </if>
      <if test="images != null">
        #{images,jdbcType=VARCHAR},
      </if>
      <if test="remark != null">
        #{remark,jdbcType=VARCHAR},
      </if>
    </trim>
  </insert>
  <update id="updateByPrimaryKeySelective" parameterType="com.design.admin.User">
    update t_user
    <set>
      <if test="deptId != null">
        dept_id = #{deptId,jdbcType=INTEGER},
      </if>
      <if test="staffname != null">
        staffname = #{staffname,jdbcType=VARCHAR},
      </if>
      <if test="username != null">
        username = #{username,jdbcType=VARCHAR},
      </if>
      <if test="password != null">
        password = #{password,jdbcType=VARCHAR},
      </if>
      <if test="status != null">
        status = #{status,jdbcType=INTEGER},
      </if>
      <if test="telephone != null">
        telephone = #{telephone,jdbcType=VARCHAR},
      </if>
      <if test="email != null">
        email = #{email,jdbcType=VARCHAR},
      </if>
      <if test="registerDate != null">
        register_date = #{registerDate,jdbcType=TIMESTAMP},
      </if>
      <if test="genter != null">
        genter = #{genter,jdbcType=VARCHAR},
      </if>
      <if test="realName != null">
        real_name = #{realName,jdbcType=VARCHAR},
      </if>
      <if test="images != null">
        images = #{images,jdbcType=VARCHAR},
      </if>
      <if test="remark != null">
        remark = #{remark,jdbcType=VARCHAR},
      </if>
    </set>
    where id = #{id,jdbcType=INTEGER}
  </update>
  <update id="updateByPrimaryKey" parameterType="com.design.admin.User">
    update t_user
    set dept_id = #{deptId,jdbcType=INTEGER},
      staffname = #{staffname,jdbcType=VARCHAR},
      username = #{username,jdbcType=VARCHAR},
      password = #{password,jdbcType=VARCHAR},
      status = #{status,jdbcType=INTEGER},
      telephone = #{telephone,jdbcType=VARCHAR},
      email = #{email,jdbcType=VARCHAR},
      register_date = #{registerDate,jdbcType=TIMESTAMP},
      genter = #{genter,jdbcType=VARCHAR},
      real_name = #{realName,jdbcType=VARCHAR},
      images = #{images,jdbcType=VARCHAR},
      remark = #{remark,jdbcType=VARCHAR}
    where id = #{id,jdbcType=INTEGER}
  </update>
  <resultMap id="BaseResultMap" type="com.design.admin.User">
    <id column="id" jdbcType="INTEGER" property="id" />
    <result column="dept_id" jdbcType="INTEGER" property="deptId" />
    <result column="staffname" jdbcType="VARCHAR" property="staffname" />
    <result column="username" jdbcType="VARCHAR" property="username" />
    <result column="password" jdbcType="VARCHAR" property="password" />
    <result column="status" jdbcType="INTEGER" property="status" />
  </resultMap>
  <sql id="Base_Column_List">
    id, dept_id, staffname, username, password, status
  </sql>
  <select id="selectByPrimaryKey" parameterType="java.lang.Integer" resultMap="BaseResultMap">
    select 
    <include refid="Base_Column_List" />
    from t_user
    where id = #{id,jdbcType=INTEGER}
  </select>
  <delete id="deleteByPrimaryKey" parameterType="java.lang.Integer">
    delete from t_user
    where id = #{id,jdbcType=INTEGER}
  </delete>
  <insert id="insert" parameterType="com.design.admin.User">
    insert into t_user (id, dept_id, staffname, 
      username, password, status
      )
    values (#{id,jdbcType=INTEGER}, #{deptId,jdbcType=INTEGER}, #{staffname,jdbcType=VARCHAR}, 
      #{username,jdbcType=VARCHAR}, #{password,jdbcType=VARCHAR}, #{status,jdbcType=INTEGER}
      )
  </insert>
  <insert id="insertSelective" parameterType="com.design.admin.User">
    insert into t_user
    <trim prefix="(" suffix=")" suffixOverrides=",">
      <if test="id != null">
        id,
      </if>
      <if test="deptId != null">
        dept_id,
      </if>
      <if test="staffname != null">
        staffname,
      </if>
      <if test="username != null">
        username,
      </if>
      <if test="password != null">
        password,
      </if>
      <if test="status != null">
        status,
      </if>
    </trim>
    <trim prefix="values (" suffix=")" suffixOverrides=",">
      <if test="id != null">
        #{id,jdbcType=INTEGER},
      </if>
      <if test="deptId != null">
        #{deptId,jdbcType=INTEGER},
      </if>
      <if test="staffname != null">
        #{staffname,jdbcType=VARCHAR},
      </if>
      <if test="username != null">
        #{username,jdbcType=VARCHAR},
      </if>
      <if test="password != null">
        #{password,jdbcType=VARCHAR},
      </if>
      <if test="status != null">
        #{status,jdbcType=INTEGER},
      </if>
    </trim>
  </insert>
  <update id="updateByPrimaryKeySelective" parameterType="com.design.admin.User">
    update t_user
    <set>
      <if test="deptId != null">
        dept_id = #{deptId,jdbcType=INTEGER},
      </if>
      <if test="staffname != null">
        staffname = #{staffname,jdbcType=VARCHAR},
      </if>
      <if test="username != null">
        username = #{username,jdbcType=VARCHAR},
      </if>
      <if test="password != null">
        password = #{password,jdbcType=VARCHAR},
      </if>
      <if test="status != null">
        status = #{status,jdbcType=INTEGER},
      </if>
    </set>
    where id = #{id,jdbcType=INTEGER}
  </update>
  <update id="updateByPrimaryKey" parameterType="com.design.admin.User">
    update t_user
    set dept_id = #{deptId,jdbcType=INTEGER},
      staffname = #{staffname,jdbcType=VARCHAR},
      username = #{username,jdbcType=VARCHAR},
      password = #{password,jdbcType=VARCHAR},
      status = #{status,jdbcType=INTEGER}
    where id = #{id,jdbcType=INTEGER}
  </update>
  <resultMap id="BaseResultMap" type="com.design.admin.User">
    <id column="id" jdbcType="INTEGER" property="id" />
    <result column="dept_id" jdbcType="INTEGER" property="deptId" />
    <result column="staffname" jdbcType="VARCHAR" property="staffname" />
    <result column="username" jdbcType="VARCHAR" property="username" />
    <result column="password" jdbcType="VARCHAR" property="password" />
    <result column="status" jdbcType="INTEGER" property="status" />
    <result column="telephone_num" jdbcType="VARCHAR" property="telephoneNum" />
    <result column="email" jdbcType="VARCHAR" property="email" />
    <result column="register_date" jdbcType="TIMESTAMP" property="registerDate" />
    <result column="genter" jdbcType="VARCHAR" property="genter" />
    <result column="real_name" jdbcType="VARCHAR" property="realName" />
    <result column="images" jdbcType="VARCHAR" property="images" />
    <result column="remark" jdbcType="VARCHAR" property="remark" />
  </resultMap>
  <sql id="Base_Column_List">
    id, dept_id, staffname, username, password, status, telephone_num, email, register_date, 
    genter, real_name, images, remark
  </sql>
  <select id="selectByPrimaryKey" parameterType="java.lang.Integer" resultMap="BaseResultMap">
    select 
    <include refid="Base_Column_List" />
    from t_user
    where id = #{id,jdbcType=INTEGER}
  </select>
  <delete id="deleteByPrimaryKey" parameterType="java.lang.Integer">
    delete from t_user
    where id = #{id,jdbcType=INTEGER}
  </delete>
  <insert id="insert" parameterType="com.design.admin.User">
    insert into t_user (id, dept_id, staffname, 
      username, password, status, 
      telephone_num, email, register_date, 
      genter, real_name, images, 
      remark)
    values (#{id,jdbcType=INTEGER}, #{deptId,jdbcType=INTEGER}, #{staffname,jdbcType=VARCHAR}, 
      #{username,jdbcType=VARCHAR}, #{password,jdbcType=VARCHAR}, #{status,jdbcType=INTEGER}, 
      #{telephoneNum,jdbcType=VARCHAR}, #{email,jdbcType=VARCHAR}, #{registerDate,jdbcType=TIMESTAMP}, 
      #{genter,jdbcType=VARCHAR}, #{realName,jdbcType=VARCHAR}, #{images,jdbcType=VARCHAR}, 
      #{remark,jdbcType=VARCHAR})
  </insert>
  <insert id="insertSelective" parameterType="com.design.admin.User">
    insert into t_user
    <trim prefix="(" suffix=")" suffixOverrides=",">
      <if test="id != null">
        id,
      </if>
      <if test="deptId != null">
        dept_id,
      </if>
      <if test="staffname != null">
        staffname,
      </if>
      <if test="username != null">
        username,
      </if>
      <if test="password != null">
        password,
      </if>
      <if test="status != null">
        status,
      </if>
      <if test="telephoneNum != null">
        telephone_num,
      </if>
      <if test="email != null">
        email,
      </if>
      <if test="registerDate != null">
        register_date,
      </if>
      <if test="genter != null">
        genter,
      </if>
      <if test="realName != null">
        real_name,
      </if>
      <if test="images != null">
        images,
      </if>
      <if test="remark != null">
        remark,
      </if>
    </trim>
    <trim prefix="values (" suffix=")" suffixOverrides=",">
      <if test="id != null">
        #{id,jdbcType=INTEGER},
      </if>
      <if test="deptId != null">
        #{deptId,jdbcType=INTEGER},
      </if>
      <if test="staffname != null">
        #{staffname,jdbcType=VARCHAR},
      </if>
      <if test="username != null">
        #{username,jdbcType=VARCHAR},
      </if>
      <if test="password != null">
        #{password,jdbcType=VARCHAR},
      </if>
      <if test="status != null">
        #{status,jdbcType=INTEGER},
      </if>
      <if test="telephoneNum != null">
        #{telephoneNum,jdbcType=VARCHAR},
      </if>
      <if test="email != null">
        #{email,jdbcType=VARCHAR},
      </if>
      <if test="registerDate != null">
        #{registerDate,jdbcType=TIMESTAMP},
      </if>
      <if test="genter != null">
        #{genter,jdbcType=VARCHAR},
      </if>
      <if test="realName != null">
        #{realName,jdbcType=VARCHAR},
      </if>
      <if test="images != null">
        #{images,jdbcType=VARCHAR},
      </if>
      <if test="remark != null">
        #{remark,jdbcType=VARCHAR},
      </if>
    </trim>
  </insert>
  <update id="updateByPrimaryKeySelective" parameterType="com.design.admin.User">
    update t_user
    <set>
      <if test="deptId != null">
        dept_id = #{deptId,jdbcType=INTEGER},
      </if>
      <if test="staffname != null">
        staffname = #{staffname,jdbcType=VARCHAR},
      </if>
      <if test="username != null">
        username = #{username,jdbcType=VARCHAR},
      </if>
      <if test="password != null">
        password = #{password,jdbcType=VARCHAR},
      </if>
      <if test="status != null">
        status = #{status,jdbcType=INTEGER},
      </if>
      <if test="telephoneNum != null">
        telephone_num = #{telephoneNum,jdbcType=VARCHAR},
      </if>
      <if test="email != null">
        email = #{email,jdbcType=VARCHAR},
      </if>
      <if test="registerDate != null">
        register_date = #{registerDate,jdbcType=TIMESTAMP},
      </if>
      <if test="genter != null">
        genter = #{genter,jdbcType=VARCHAR},
      </if>
      <if test="realName != null">
        real_name = #{realName,jdbcType=VARCHAR},
      </if>
      <if test="images != null">
        images = #{images,jdbcType=VARCHAR},
      </if>
      <if test="remark != null">
        remark = #{remark,jdbcType=VARCHAR},
      </if>
    </set>
    where id = #{id,jdbcType=INTEGER}
  </update>
  <update id="updateByPrimaryKey" parameterType="com.design.admin.User">
    update t_user
    set dept_id = #{deptId,jdbcType=INTEGER},
      staffname = #{staffname,jdbcType=VARCHAR},
      username = #{username,jdbcType=VARCHAR},
      password = #{password,jdbcType=VARCHAR},
      status = #{status,jdbcType=INTEGER},
      telephone_num = #{telephoneNum,jdbcType=VARCHAR},
      email = #{email,jdbcType=VARCHAR},
      register_date = #{registerDate,jdbcType=TIMESTAMP},
      genter = #{genter,jdbcType=VARCHAR},
      real_name = #{realName,jdbcType=VARCHAR},
      images = #{images,jdbcType=VARCHAR},
      remark = #{remark,jdbcType=VARCHAR}
    where id = #{id,jdbcType=INTEGER}
  </update>
  <resultMap id="BaseResultMap" type="com.design.admin.User">
    <id column="id" jdbcType="INTEGER" property="id" />
    <result column="dept_id" jdbcType="INTEGER" property="deptId" />
    <result column="staffname" jdbcType="VARCHAR" property="staffname" />
    <result column="username" jdbcType="VARCHAR" property="username" />
    <result column="password" jdbcType="VARCHAR" property="password" />
    <result column="status" jdbcType="INTEGER" property="status" />
  </resultMap>
  <sql id="Base_Column_List">
    id, dept_id, staffname, username, password, status
  </sql>
  <select id="selectByPrimaryKey" parameterType="java.lang.Integer" resultMap="BaseResultMap">
    select 
    <include refid="Base_Column_List" />
    from t_user
    where id = #{id,jdbcType=INTEGER}
  </select>
  <delete id="deleteByPrimaryKey" parameterType="java.lang.Integer">
    delete from t_user
    where id = #{id,jdbcType=INTEGER}
  </delete>
  <insert id="insert" parameterType="com.design.admin.User">
    insert into t_user (id, dept_id, staffname, 
      username, password, status
      )
    values (#{id,jdbcType=INTEGER}, #{deptId,jdbcType=INTEGER}, #{staffname,jdbcType=VARCHAR}, 
      #{username,jdbcType=VARCHAR}, #{password,jdbcType=VARCHAR}, #{status,jdbcType=INTEGER}
      )
  </insert>
  <insert id="insertSelective" parameterType="com.design.admin.User">
    insert into t_user
    <trim prefix="(" suffix=")" suffixOverrides=",">
      <if test="id != null">
        id,
      </if>
      <if test="deptId != null">
        dept_id,
      </if>
      <if test="staffname != null">
        staffname,
      </if>
      <if test="username != null">
        username,
      </if>
      <if test="password != null">
        password,
      </if>
      <if test="status != null">
        status,
      </if>
    </trim>
    <trim prefix="values (" suffix=")" suffixOverrides=",">
      <if test="id != null">
        #{id,jdbcType=INTEGER},
      </if>
      <if test="deptId != null">
        #{deptId,jdbcType=INTEGER},
      </if>
      <if test="staffname != null">
        #{staffname,jdbcType=VARCHAR},
      </if>
      <if test="username != null">
        #{username,jdbcType=VARCHAR},
      </if>
      <if test="password != null">
        #{password,jdbcType=VARCHAR},
      </if>
      <if test="status != null">
        #{status,jdbcType=INTEGER},
      </if>
    </trim>
  </insert>
  <update id="updateByPrimaryKeySelective" parameterType="com.design.admin.User">
    update t_user
    <set>
      <if test="deptId != null">
        dept_id = #{deptId,jdbcType=INTEGER},
      </if>
      <if test="staffname != null">
        staffname = #{staffname,jdbcType=VARCHAR},
      </if>
      <if test="username != null">
        username = #{username,jdbcType=VARCHAR},
      </if>
      <if test="password != null">
        password = #{password,jdbcType=VARCHAR},
      </if>
      <if test="status != null">
        status = #{status,jdbcType=INTEGER},
      </if>
    </set>
    where id = #{id,jdbcType=INTEGER}
  </update>
  <update id="updateByPrimaryKey" parameterType="com.design.admin.User">
    update t_user
    set dept_id = #{deptId,jdbcType=INTEGER},
      staffname = #{staffname,jdbcType=VARCHAR},
      username = #{username,jdbcType=VARCHAR},
      password = #{password,jdbcType=VARCHAR},
      status = #{status,jdbcType=INTEGER}
    where id = #{id,jdbcType=INTEGER}
  </update>
  <resultMap id="BaseResultMap" type="com.design.admin.User">
    <id column="id" jdbcType="INTEGER" property="id" />
    <result column="dept_id" jdbcType="INTEGER" property="deptId" />
    <result column="staffname" jdbcType="VARCHAR" property="staffname" />
    <result column="username" jdbcType="VARCHAR" property="username" />
    <result column="password" jdbcType="VARCHAR" property="password" />
    <result column="status" jdbcType="INTEGER" property="status" />
    <result column="telephone_num" jdbcType="VARCHAR" property="telephoneNum" />
    <result column="email" jdbcType="VARCHAR" property="email" />
    <result column="register_date" jdbcType="TIMESTAMP" property="registerDate" />
    <result column="genter" jdbcType="VARCHAR" property="genter" />
    <result column="real_name" jdbcType="VARCHAR" property="realName" />
    <result column="images" jdbcType="VARCHAR" property="images" />
    <result column="remark" jdbcType="VARCHAR" property="remark" />
  </resultMap>
  <sql id="Base_Column_List">
    id, dept_id, staffname, username, password, status, telephone_num, email, register_date, 
    genter, real_name, images, remark
  </sql>
  <select id="selectByPrimaryKey" parameterType="java.lang.Integer" resultMap="BaseResultMap">
    select 
    <include refid="Base_Column_List" />
    from t_user
    where id = #{id,jdbcType=INTEGER}
  </select>
  <delete id="deleteByPrimaryKey" parameterType="java.lang.Integer">
    delete from t_user
    where id = #{id,jdbcType=INTEGER}
  </delete>
  <insert id="insert" parameterType="com.design.admin.User">
    insert into t_user (id, dept_id, staffname, 
      username, password, status, 
      telephone_num, email, register_date, 
      genter, real_name, images, 
      remark)
    values (#{id,jdbcType=INTEGER}, #{deptId,jdbcType=INTEGER}, #{staffname,jdbcType=VARCHAR}, 
      #{username,jdbcType=VARCHAR}, #{password,jdbcType=VARCHAR}, #{status,jdbcType=INTEGER}, 
      #{telephoneNum,jdbcType=VARCHAR}, #{email,jdbcType=VARCHAR}, #{registerDate,jdbcType=TIMESTAMP}, 
      #{genter,jdbcType=VARCHAR}, #{realName,jdbcType=VARCHAR}, #{images,jdbcType=VARCHAR}, 
      #{remark,jdbcType=VARCHAR})
  </insert>
  <insert id="insertSelective" parameterType="com.design.admin.User">
    insert into t_user
    <trim prefix="(" suffix=")" suffixOverrides=",">
      <if test="id != null">
        id,
      </if>
      <if test="deptId != null">
        dept_id,
      </if>
      <if test="staffname != null">
        staffname,
      </if>
      <if test="username != null">
        username,
      </if>
      <if test="password != null">
        password,
      </if>
      <if test="status != null">
        status,
      </if>
      <if test="telephoneNum != null">
        telephone_num,
      </if>
      <if test="email != null">
        email,
      </if>
      <if test="registerDate != null">
        register_date,
      </if>
      <if test="genter != null">
        genter,
      </if>
      <if test="realName != null">
        real_name,
      </if>
      <if test="images != null">
        images,
      </if>
      <if test="remark != null">
        remark,
      </if>
    </trim>
    <trim prefix="values (" suffix=")" suffixOverrides=",">
      <if test="id != null">
        #{id,jdbcType=INTEGER},
      </if>
      <if test="deptId != null">
        #{deptId,jdbcType=INTEGER},
      </if>
      <if test="staffname != null">
        #{staffname,jdbcType=VARCHAR},
      </if>
      <if test="username != null">
        #{username,jdbcType=VARCHAR},
      </if>
      <if test="password != null">
        #{password,jdbcType=VARCHAR},
      </if>
      <if test="status != null">
        #{status,jdbcType=INTEGER},
      </if>
      <if test="telephoneNum != null">
        #{telephoneNum,jdbcType=VARCHAR},
      </if>
      <if test="email != null">
        #{email,jdbcType=VARCHAR},
      </if>
      <if test="registerDate != null">
        #{registerDate,jdbcType=TIMESTAMP},
      </if>
      <if test="genter != null">
        #{genter,jdbcType=VARCHAR},
      </if>
      <if test="realName != null">
        #{realName,jdbcType=VARCHAR},
      </if>
      <if test="images != null">
        #{images,jdbcType=VARCHAR},
      </if>
      <if test="remark != null">
        #{remark,jdbcType=VARCHAR},
      </if>
    </trim>
  </insert>
  <update id="updateByPrimaryKeySelective" parameterType="com.design.admin.User">
    update t_user
    <set>
      <if test="deptId != null">
        dept_id = #{deptId,jdbcType=INTEGER},
      </if>
      <if test="staffname != null">
        staffname = #{staffname,jdbcType=VARCHAR},
      </if>
      <if test="username != null">
        username = #{username,jdbcType=VARCHAR},
      </if>
      <if test="password != null">
        password = #{password,jdbcType=VARCHAR},
      </if>
      <if test="status != null">
        status = #{status,jdbcType=INTEGER},
      </if>
      <if test="telephoneNum != null">
        telephone_num = #{telephoneNum,jdbcType=VARCHAR},
      </if>
      <if test="email != null">
        email = #{email,jdbcType=VARCHAR},
      </if>
      <if test="registerDate != null">
        register_date = #{registerDate,jdbcType=TIMESTAMP},
      </if>
      <if test="genter != null">
        genter = #{genter,jdbcType=VARCHAR},
      </if>
      <if test="realName != null">
        real_name = #{realName,jdbcType=VARCHAR},
      </if>
      <if test="images != null">
        images = #{images,jdbcType=VARCHAR},
      </if>
      <if test="remark != null">
        remark = #{remark,jdbcType=VARCHAR},
      </if>
    </set>
    where id = #{id,jdbcType=INTEGER}
  </update>
  <update id="updateByPrimaryKey" parameterType="com.design.admin.User">
    update t_user
    set dept_id = #{deptId,jdbcType=INTEGER},
      staffname = #{staffname,jdbcType=VARCHAR},
      username = #{username,jdbcType=VARCHAR},
      password = #{password,jdbcType=VARCHAR},
      status = #{status,jdbcType=INTEGER},
      telephone_num = #{telephoneNum,jdbcType=VARCHAR},
      email = #{email,jdbcType=VARCHAR},
      register_date = #{registerDate,jdbcType=TIMESTAMP},
      genter = #{genter,jdbcType=VARCHAR},
      real_name = #{realName,jdbcType=VARCHAR},
      images = #{images,jdbcType=VARCHAR},
      remark = #{remark,jdbcType=VARCHAR}
    where id = #{id,jdbcType=INTEGER}
  </update>
</mapper>